PassengerId,Survived,Pclass,Sex,Age,SibSp,Parch,Fare,Embarked_Q,Embarked_S
1,0,3,0,-0.5657364610748746,1,0,-0.5024451714361923,False,True
3,1,3,1,-0.2583370877897099,0,0,-0.4888542575852486,False,True
4,1,1,1,0.4333115021019107,1,0,0.4207302360686478,False,True
5,0,3,0,0.4333115021019107,0,0,-0.4863374216869257,False,True
6,0,3,0,-0.10463740114712752,0,0,-0.47811642890864375,True,False
7,0,1,0,1.893458525206443,0,0,0.395813560675251,False,True
8,0,3,0,-2.1027333275006983,3,1,-0.22408312108167944,False,True
9,1,3,1,-0.1814872444684187,0,2,-0.4242561406845337,False,True
10,1,2,1,-1.180535207645204,1,0,-0.04295550208861426,False,False
11,1,3,1,-1.949033640858116,1,1,-0.312172377522981,False,True
12,1,1,1,2.200857898491608,0,0,-0.11384570873513637,False,True
13,0,3,0,-0.719436147717457,0,0,-0.4863374216869257,False,True
14,0,3,0,0.7407108753870755,1,5,-0.01870931177853076,False,True
15,0,3,1,-1.180535207645204,0,0,-0.4902797934380587,False,True
16,1,2,1,1.9703083685277343,0,0,-0.3262666585535892,False,True
17,0,3,0,-2.1027333275006983,4,1,-0.06199888922968463,True,False
18,1,2,0,-0.10463740114712752,0,0,-0.3866707201133388,False,True
19,0,3,1,0.12591212881674602,1,0,-0.2859972841804228,False,True
20,1,3,1,-0.10463740114712752,0,0,-0.5029485386158568,False,False
21,0,2,0,0.4333115021019107,0,0,-0.12491978668775715,False,True
22,1,2,0,0.35646165878061953,0,0,-0.3866707201133388,False,True
23,1,3,1,-1.1036853643239128,0,0,-0.4867562231804066,True,False
24,1,1,0,-0.10463740114712752,0,0,0.06635974158478332,False,True
25,0,3,1,-1.6416342675729512,3,1,-0.22408312108167944,False,True
26,1,3,1,0.6638610320657843,1,5,-0.016444159470040135,False,True
27,0,3,0,-0.10463740114712752,0,0,-0.5029485386158568,False,False
29,1,3,1,-0.10463740114712752,0,0,-0.48977642625839407,True,False
30,0,3,0,-0.10463740114712752,0,0,-0.4894421904510968,False,True
31,0,1,0,0.8175607187083667,0,0,-0.09027201697708476,False,False
33,1,3,1,-0.10463740114712752,0,0,-0.49237782784290063,True,False
34,0,2,0,2.8156566450619374,0,0,-0.43700743807979686,False,True
36,0,1,0,0.9712604053509489,1,0,0.39858208016340624,False,True
37,1,3,0,-0.10463740114712752,0,0,-0.5028639729296732,False,False
38,0,3,0,-0.6425863043961658,0,0,-0.4863374216869257,False,True
39,0,3,1,-0.8731358343600393,2,0,-0.2859972841804228,False,True
40,1,3,1,-1.180535207645204,1,0,-0.42207354059350805,False,False
41,0,3,1,0.8175607187083667,1,0,-0.4576454924460446,False,True
42,0,2,1,-0.1814872444684187,1,0,-0.22559322262067316,False,True
43,0,3,0,-0.10463740114712752,0,0,-0.4894421904510968,False,False
44,1,2,1,-2.025883484179407,1,2,0.18876253192945994,False,False
45,1,3,1,-0.7962859910387481,0,0,-0.48977642625839407,True,False
46,0,3,0,-0.10463740114712752,0,0,-0.4863374216869257,False,True
47,0,3,0,-0.10463740114712752,1,0,-0.3363340021468808,True,False
48,1,3,1,-0.10463740114712752,0,0,-0.49237782784290063,True,False
49,0,3,0,-0.10463740114712752,2,0,-0.21191774308354583,False,False
50,0,3,1,-0.8731358343600393,1,0,-0.29002422161773944,False,True
51,0,3,0,-1.7184841108942424,4,1,0.1506737441786005,False,True
52,0,3,0,-0.6425863043961658,0,0,-0.4913710934835715,False,True
54,1,2,1,-0.027787557825836348,1,0,-0.12491978668775715,False,True
55,0,1,0,2.738806801740646,0,1,0.5995101505357573,False,False
56,1,1,0,-0.10463740114712752,0,0,0.06635974158478332,False,True
57,1,2,1,-0.6425863043961658,0,0,-0.43700743807979686,False,True
58,0,3,0,-0.06621247948648194,0,0,-0.5028639729296732,False,False
59,1,2,1,-1.8721837975368247,1,2,-0.08968408411123653,False,True
60,0,3,0,-1.4110847376090776,5,2,0.2958951755118318,False,True
61,0,3,0,-0.5657364610748746,0,0,-0.5028639729296732,False,False
64,0,3,0,-1.949033640858116,3,2,-0.08666388103324908,False,True
65,0,1,0,-0.10463740114712752,0,0,-0.09027201697708476,False,False
66,1,3,0,-0.10463740114712752,1,1,-0.3414522396297103,False,False
67,1,2,1,-0.027787557825836348,0,0,-0.43700743807979686,False,True
68,0,3,0,-0.7962859910387481,0,0,-0.4841568350646187,False,True
69,1,3,1,-0.9499856776813305,4,2,-0.4888542575852486,False,True
70,0,3,0,-0.2583370877897099,2,0,-0.47400492578514347,False,True
71,0,2,0,0.20276197213803718,0,0,-0.43700743807979686,False,True
72,0,3,1,-1.0268355210026217,5,2,0.2958951755118318,False,True
74,0,3,0,-0.2583370877897099,1,0,-0.3573908580066095,False,False
75,1,3,0,0.20276197213803718,0,0,0.48910360681684706,False,True
76,0,3,0,-0.33518693111100106,0,0,-0.494391296561559,False,True
77,0,3,0,-0.10463740114712752,0,0,-0.4894421904510968,False,True
78,0,3,0,-0.10463740114712752,0,0,-0.4863374216869257,False,True
79,1,2,0,-2.192647644186609,0,2,-0.06451572512800753,False,True
80,1,3,1,0.04906228549545483,0,0,-0.397241430886295,False,True
81,0,3,0,-0.5657364610748746,0,0,-0.46720946885967163,False,True
82,1,3,0,-0.027787557825836348,0,0,-0.45714212526638004,False,True
83,1,3,1,-0.10463740114712752,0,0,-0.49162277707340374,True,False
84,0,1,0,-0.10463740114712752,0,0,0.29992211294914856,False,True
85,1,2,1,-0.9499856776813305,0,0,-0.43700743807979686,False,True
86,1,3,1,0.27961181545932834,3,0,-0.32928686163157667,False,True
87,0,3,0,-1.0268355210026217,1,3,0.04370821849987721,False,True
88,0,3,0,-0.10463740114712752,0,0,-0.4863374216869257,False,True
90,0,3,0,-0.41203677443229225,0,0,-0.4863374216869257,False,True
91,0,3,0,-0.027787557825836348,0,0,-0.4863374216869257,False,True
92,0,3,0,-0.719436147717457,0,0,-0.4902797934380587,False,True
93,0,1,0,1.2786597786361138,1,0,0.5833178351003071,False,True
94,0,3,0,-0.2583370877897099,1,2,-0.23415046467497105,False,True
95,0,3,0,2.277707741812899,0,0,-0.5024451714361923,False,True
96,0,3,0,-0.10463740114712752,0,0,-0.4863374216869257,False,True
97,0,1,0,3.1999058616683933,0,0,0.0493298231623713,False,False
98,1,1,0,-0.48888661775358344,0,1,0.6272778976347743,False,False
99,1,2,1,0.35646165878061953,0,1,-0.18532384824750675,False,True
100,0,2,0,0.35646165878061953,1,0,-0.12491978668775715,False,True
101,0,3,1,-0.10463740114712752,0,0,-0.4894421904510968,False,True
102,0,3,0,-0.10463740114712752,0,0,-0.4894421904510968,False,True
104,0,3,0,0.27961181545932834,0,0,-0.4741720436887921,False,True
105,0,3,0,0.5870111887444931,2,0,-0.4888542575852486,False,True
106,0,3,0,-0.10463740114712752,0,0,-0.4894421904510968,False,True
107,1,3,1,-0.6425863043961658,0,0,-0.494391296561559,False,True
108,1,3,0,-0.10463740114712752,0,0,-0.4918744606632361,False,True
109,0,3,0,0.6638610320657843,0,0,-0.4894421904510968,False,True
110,1,3,1,-0.10463740114712752,1,0,-0.1621689579829361,True,False
111,0,1,0,1.3555096219574048,0,0,0.39858208016340624,False,True
112,0,3,1,-1.1421102859845584,1,0,-0.3573908580066095,False,False
113,0,3,0,-0.5657364610748746,0,0,-0.4863374216869257,False,True
114,0,3,1,-0.719436147717457,1,0,-0.4505983519307405,False,True
115,0,3,1,-0.9499856776813305,0,0,-0.3573083057891445,False,False
116,0,3,0,-0.6425863043961658,0,0,-0.4888542575852486,False,True
117,0,3,0,3.1614809400077477,0,0,-0.49237782784290063,True,False
118,0,2,0,-0.027787557825836348,1,0,-0.22559322262067316,False,True
120,0,3,1,-2.1027333275006983,4,2,-0.01870931177853076,False,True
122,0,3,0,-0.10463740114712752,0,0,-0.4863374216869257,False,True
123,0,2,0,0.24118689379868277,1,0,-0.04295550208861426,False,False
124,1,2,1,0.24118689379868277,0,0,-0.3866707201133388,False,True
126,1,3,0,-1.3342348942877864,1,0,-0.42207354059350805,False,False
127,0,3,0,-0.10463740114712752,0,0,-0.49237782784290063,True,False
128,1,3,0,-0.41203677443229225,0,0,-0.5046257580584992,False,True
129,1,3,1,-0.10463740114712752,1,1,-0.19824427701513722,False,False
130,0,3,0,1.2018099353148226,0,0,-0.5079822104125026,False,True
131,0,3,0,0.27961181545932834,0,0,-0.4894421904510968,False,False
132,0,3,0,-0.719436147717457,0,0,-0.5064721088735089,False,True
133,0,3,1,1.3555096219574048,1,0,-0.35646868933346404,False,True
134,1,2,1,-0.027787557825836348,1,0,-0.12491978668775715,False,True
135,0,2,0,-0.33518693111100106,0,0,-0.3866707201133388,False,True
136,0,2,0,-0.48888661775358344,0,0,-0.3454791770670269,False,False
137,1,1,1,-0.7962859910387481,0,2,-0.11921562980779811,False,True
138,0,1,0,0.5870111887444931,1,0,0.4207302360686478,False,True
139,0,3,0,-1.0268355210026217,0,0,-0.4628462821463391,False,True
141,0,3,1,-0.10463740114712752,0,2,-0.3414522396297103,False,False
142,1,3,1,-0.5657364610748746,0,0,-0.49237782784290063,False,True
143,1,3,1,-0.41203677443229225,1,0,-0.32928686163157667,False,True
144,0,3,0,-0.7962859910387481,0,0,-0.5125125150294839,True,False
145,0,2,0,-0.8731358343600393,0,0,-0.41687275089321363,False,True
146,0,2,0,-0.7962859910387481,1,1,0.09152810056801232,False,True
147,1,3,0,-0.1814872444684187,0,0,-0.49145565916975514,False,True
148,0,3,1,-1.56478442425166,2,2,0.04370821849987721,False,True
149,0,2,0,0.5485862670838475,0,2,-0.12491978668775715,False,True
150,0,2,0,0.9712604053509489,0,0,-0.3866707201133388,False,True
151,0,2,0,1.6629089952425695,0,0,-0.39623469652696586,False,True
153,0,3,0,2.00873329018838,0,0,-0.4863374216869257,False,True
154,0,3,0,0.8559856403690123,0,2,-0.35646868933346404,False,True
155,0,3,0,-0.10463740114712752,0,0,-0.5011867534870308,False,True
156,0,1,0,1.6629089952425695,0,1,0.5874293382238074,False,False
157,1,3,1,-1.0268355210026217,0,0,-0.49271407711891657,True,False
158,0,3,0,0.04906228549545483,0,0,-0.4863374216869257,False,True
159,0,3,0,-0.10463740114712752,0,0,-0.47400492578514347,False,True
161,0,3,0,1.1249600919935314,0,1,-0.32425318983493084,False,True
162,1,2,1,0.8175607187083667,0,0,-0.331300330350235,False,True
163,0,3,0,-0.2583370877897099,0,0,-0.4918744606632361,False,True
164,0,3,0,-0.9499856776813305,0,0,-0.47400492578514347,False,True
165,0,3,0,-2.1795831708219895,4,1,0.1506737441786005,False,True
166,1,3,0,-1.56478442425166,0,2,-0.2351571990343002,False,True
167,1,1,1,-0.10463740114712752,0,1,0.4589861417231558,False,True
168,0,3,1,1.2018099353148226,1,4,-0.08666388103324908,False,True
169,0,1,0,-0.10463740114712752,0,0,-0.12642988822675086,False,True
170,0,3,0,-0.10463740114712752,0,0,0.48910360681684706,False,True
171,0,1,0,2.4314074284554814,0,0,0.026090367211616904,False,True
172,0,3,0,-1.949033640858116,4,1,-0.06199888922968463,True,False
173,1,3,1,-2.1795831708219895,1,1,-0.4242561406845337,False,True
174,0,3,0,-0.6425863043961658,0,0,-0.4888542575852486,False,True
175,0,1,0,2.0471582118490255,0,0,-0.030371322596999754,False,False
176,0,3,0,-0.8731358343600393,1,1,-0.4902797934380587,False,True
177,0,3,0,-0.10463740114712752,3,1,-0.13565761536436197,False,True
178,0,1,1,1.5860591519212783,0,0,-0.07030444769415023,False,False
179,0,2,0,0.04906228549545483,0,0,-0.3866707201133388,False,True
180,0,3,0,0.5101613454232019,0,0,-0.6484216535389205,False,True
182,0,2,0,-0.10463740114712752,0,0,-0.34539461138084326,False,False
183,0,3,0,-1.56478442425166,4,2,-0.016444159470040135,False,True
184,1,2,0,-2.1795831708219895,2,1,0.13683114673782454,False,True
185,1,3,1,-1.949033640858116,0,2,-0.20495516825442542,False,True
186,0,1,0,-0.10463740114712752,0,0,0.3583127057902398,False,True
187,1,3,1,-0.10463740114712752,1,0,-0.3363340021468808,True,False
188,1,1,0,1.2018099353148226,0,0,-0.11384570873513637,False,True
189,0,3,0,0.8175607187083667,1,1,-0.3363340021468808,True,False
190,0,3,0,0.5101613454232019,0,0,-0.4894421904510968,False,True
191,1,2,1,0.20276197213803718,0,0,-0.3866707201133388,False,True
192,0,2,0,-0.7962859910387481,0,0,-0.3866707201133388,False,True
193,1,3,1,-0.7962859910387481,1,0,-0.4902797934380587,False,True
194,1,2,0,-2.025883484179407,1,1,-0.12491978668775715,False,True
195,1,1,1,1.1249600919935314,0,0,-0.09027201697708476,False,False
197,0,3,0,-0.10463740114712752,0,0,-0.49237782784290063,True,False
198,0,3,0,0.9712604053509489,0,1,-0.47920571548543794,False,True
199,1,3,1,-0.10463740114712752,0,0,-0.49237782784290063,True,False
200,0,2,1,-0.41203677443229225,0,0,-0.3866707201133388,False,True
201,0,3,0,-0.10463740114712752,0,0,-0.45714212526638004,False,True
203,0,3,0,0.35646165878061953,0,0,-0.5176307525123133,False,True
204,0,3,0,1.2402348569754682,0,0,-0.5029485386158568,False,False
205,1,3,0,-0.8731358343600393,0,0,-0.4863374216869257,False,True
206,0,3,1,-2.1027333275006983,0,1,-0.43776248884929375,False,True
207,0,3,0,0.20276197213803718,1,0,-0.32928686163157667,False,True
208,1,3,0,-0.2583370877897099,0,0,-0.2701412180209885,False,False
209,1,3,1,-1.0268355210026217,0,0,-0.49237782784290063,True,False
210,1,1,0,0.8175607187083667,0,0,-0.024246350754841113,False,False
211,0,3,0,-0.41203677443229225,0,0,-0.5064721088735089,False,True
212,1,2,1,0.4333115021019107,0,0,-0.22559322262067316,False,True
213,0,3,0,-0.5657364610748746,0,0,-0.5024451714361923,False,True
214,0,2,0,0.04906228549545483,0,0,-0.3866707201133388,False,True
215,0,3,0,-0.10463740114712752,1,0,-0.49237782784290063,True,False
217,1,3,1,-0.1814872444684187,0,0,-0.4888542575852486,False,True
218,0,2,0,0.9712604053509489,1,0,-0.10478509950117394,False,True
220,0,2,0,0.04906228549545483,0,0,-0.43700743807979686,False,True
221,1,3,0,-1.0268355210026217,0,0,-0.4863374216869257,False,True
222,0,2,0,-0.1814872444684187,0,0,-0.3866707201133388,False,True
223,0,3,0,1.6629089952425695,0,0,-0.4863374216869257,False,True
224,0,3,0,-0.10463740114712752,0,0,-0.4894421904510968,False,True
226,0,3,0,-0.5657364610748746,0,0,-0.4601623283443675,False,True
227,1,2,0,-0.7962859910387481,0,0,-0.43700743807979686,False,True
228,0,3,0,-0.6810112260568114,0,0,-0.5024451714361923,False,True
229,0,2,0,-0.8731358343600393,0,0,-0.3866707201133388,False,True
230,0,3,1,-0.10463740114712752,3,1,-0.13565761536436197,False,True
232,0,3,0,-0.027787557825836348,0,0,-0.4918744606632361,False,True
233,0,2,0,2.277707741812899,0,0,-0.3766033765200472,False,True
234,1,3,1,-1.8721837975368247,4,2,-0.016444159470040135,False,True
235,0,2,0,-0.41203677443229225,0,0,-0.43700743807979686,False,True
236,0,3,1,-0.10463740114712752,0,0,-0.49640476528021726,False,True
237,0,2,0,1.1249600919935314,1,0,-0.12491978668775715,False,True
238,1,2,1,-1.6416342675729512,0,2,-0.11988611489111134,False,True
239,0,2,0,-0.7962859910387481,0,0,-0.43700743807979686,False,True
240,0,2,0,0.27961181545932834,0,0,-0.4012683683236117,False,True
241,0,3,1,-0.10463740114712752,1,0,-0.3573908580066095,False,False
242,1,3,1,-0.10463740114712752,1,0,-0.3363340021468808,True,False
243,0,2,0,-0.027787557825836348,0,0,-0.43700743807979686,False,True
244,0,3,0,-0.5657364610748746,0,0,-0.5049620073345151,False,True
245,0,3,0,0.04906228549545483,0,0,-0.5029485386158568,False,False
247,0,3,1,-0.33518693111100106,0,0,-0.4918744606632361,False,True
248,1,2,1,-0.41203677443229225,0,2,-0.35646868933346404,False,True
249,1,1,0,0.5870111887444931,1,1,0.40974072380221066,False,True
250,0,2,0,1.893458525206443,1,0,-0.12491978668775715,False,True
251,0,3,0,-0.10463740114712752,0,0,-0.5024451714361923,False,True
252,0,3,1,-0.027787557825836348,1,1,-0.43776248884929375,False,True
253,0,1,0,2.5082572717767726,0,0,-0.11384570873513637,False,True
254,0,3,0,0.04906228549545483,1,0,-0.32425318983493084,False,True
255,0,3,1,0.8944105620296577,0,2,-0.2414492887801075,False,True
256,1,3,1,-0.027787557825836348,0,2,-0.3414522396297103,False,False
260,1,2,1,1.5860591519212783,0,1,-0.12491978668775715,False,True
261,0,3,0,-0.10463740114712752,0,0,-0.49237782784290063,True,False
262,1,3,0,-2.025883484179407,4,2,-0.016444159470040135,False,True
264,0,1,0,0.8175607187083667,0,0,-0.6484216535389205,False,True
265,0,3,1,-0.10463740114712752,0,0,-0.49237782784290063,True,False
266,0,2,0,0.5101613454232019,0,0,-0.43700743807979686,False,True
267,0,3,0,-1.0268355210026217,4,1,0.1506737441786005,False,True
268,1,3,0,-0.33518693111100106,1,0,-0.4918744606632361,False,True
271,0,1,0,-0.10463740114712752,0,0,-0.024246350754841113,False,True
272,1,3,0,-0.33518693111100106,0,0,-0.6484216535389205,False,True
273,1,2,1,0.8944105620296577,0,1,-0.255795253400548,False,True
274,0,1,0,0.5870111887444931,0,1,-0.05042144409739929,False,False
275,1,3,1,-0.10463740114712752,0,0,-0.49237782784290063,True,False
277,0,3,1,1.2018099353148226,0,0,-0.49237782784290063,False,True
278,0,2,0,-0.10463740114712752,0,0,-0.6484216535389205,False,True
279,0,3,0,-1.7184841108942424,4,1,-0.06199888922968463,True,False
280,1,3,1,0.4333115021019107,1,1,-0.24069423801061057,False,True
281,0,3,0,2.738806801740646,0,0,-0.49237782784290063,True,False
282,0,3,0,-0.10463740114712752,0,0,-0.4902797934380587,False,True
283,0,3,0,-1.0268355210026217,0,0,-0.45714212526638004,False,True
284,1,3,0,-0.7962859910387481,0,0,-0.4863374216869257,False,True
285,0,1,0,-0.10463740114712752,0,0,-0.12491978668775715,False,True
286,0,3,0,0.27961181545932834,0,0,-0.47400492578514347,False,False
287,1,3,0,0.04906228549545483,0,0,-0.45714212526638004,False,True
288,0,3,0,-0.5657364610748746,0,0,-0.4894421904510968,False,True
289,1,2,0,0.9712604053509489,0,0,-0.3866707201133388,False,True
290,1,3,1,-0.5657364610748746,0,0,-0.49237782784290063,True,False
293,0,2,0,0.5101613454232019,0,0,-0.3891875560116617,False,False
294,0,3,1,-0.41203677443229225,0,0,-0.4702296719376591,False,True
295,0,3,0,-0.41203677443229225,0,0,-0.4894421904510968,False,True
296,0,1,0,-0.10463740114712752,0,0,-0.09027201697708476,False,False
297,0,3,0,-0.45046169609293785,0,0,-0.5028639729296732,False,False
299,1,1,0,-0.10463740114712752,0,0,-0.034313694348132716,False,True
301,1,3,1,-0.10463740114712752,0,0,-0.49237782784290063,True,False
302,1,3,0,-0.10463740114712752,2,0,-0.18029017645086096,True,False
303,0,3,0,-0.7962859910387481,0,0,-0.6484216535389205,False,True
304,1,2,1,-0.10463740114712752,0,0,-0.3997582667846179,True,False
305,0,3,0,-0.10463740114712752,0,0,-0.4863374216869257,False,True
309,0,2,0,0.04906228549545483,1,0,-0.16518916106092355,False,False
310,1,1,1,0.04906228549545483,0,0,0.49782998024351216,False,False
313,0,2,1,-0.2583370877897099,1,1,-0.12491978668775715,False,True
314,0,3,0,-0.10463740114712752,0,0,-0.4894421904510968,False,True
315,0,2,0,1.0481102486722402,1,1,-0.11988611489111134,False,True
316,1,3,1,-0.2583370877897099,0,0,-0.4902797934380587,False,True
317,1,2,1,-0.41203677443229225,1,0,-0.12491978668775715,False,True
318,0,2,0,1.893458525206443,0,0,-0.36653603292675563,False,True
321,0,3,0,-0.5657364610748746,0,0,-0.5024451714361923,False,True
322,0,3,0,-0.1814872444684187,0,0,-0.4894421904510968,False,True
323,1,2,1,0.04906228549545483,0,0,-0.3997582667846179,True,False
324,1,2,1,-0.5657364610748746,1,1,-0.06451572512800753,False,True
327,0,3,0,2.4314074284554814,0,0,-0.5228315422126077,False,True
328,1,2,1,0.5101613454232019,0,0,-0.3866707201133388,False,True
329,1,3,1,0.12591212881674602,1,1,-0.2351571990343002,False,True
330,1,1,1,-1.0268355210026217,0,1,0.5189714017894245,False,False
331,1,3,1,-0.10463740114712752,2,0,-0.18029017645086096,True,False
332,0,1,0,1.2402348569754682,0,0,-0.07458306872129913,False,True
334,0,3,0,-1.0268355210026217,2,0,-0.2859972841804228,False,True
336,0,3,0,-0.10463740114712752,0,0,-0.4894421904510968,False,True
339,1,3,0,1.2018099353148226,0,0,-0.4863374216869257,False,True
340,0,1,0,1.2018099353148226,0,0,0.06635974158478332,False,True
341,1,2,0,-2.1027333275006983,1,1,-0.12491978668775715,False,True
343,0,2,0,-0.10463740114712752,0,0,-0.3866707201133388,False,True
344,0,2,0,-0.33518693111100106,0,0,-0.3866707201133388,False,True
345,0,2,0,0.5101613454232019,0,0,-0.3866707201133388,False,True
346,1,2,1,-0.41203677443229225,0,0,-0.3866707201133388,False,True
347,1,2,1,0.8175607187083667,0,0,-0.3866707201133388,False,True
348,1,3,1,-0.10463740114712752,1,0,-0.32425318983493084,False,True
349,1,3,0,-2.025883484179407,1,1,-0.32828012727224753,False,True
350,0,3,0,0.9712604053509489,0,0,-0.47400492578514347,False,True
351,0,3,0,-0.48888661775358344,0,0,-0.4626791642426904,False,True
352,0,1,0,-0.10463740114712752,0,0,0.05629239799149171,False,True
353,0,3,0,-1.1036853643239128,1,1,-0.5028639729296732,False,False
354,0,3,0,-0.33518693111100106,1,0,-0.29002422161773944,False,True
355,0,3,0,-0.10463740114712752,0,0,-0.5029485386158568,False,False
356,0,3,0,-0.10463740114712752,0,0,-0.45714212526638004,False,True
357,1,1,1,-0.5657364610748746,0,1,0.4589861417231558,False,True
358,0,2,1,0.6638610320657843,0,0,-0.3866707201133388,False,True
359,1,3,1,-0.10463740114712752,0,0,-0.48977642625839407,True,False
360,1,3,1,-0.10463740114712752,0,0,-0.48977642625839407,True,False
361,0,3,0,0.8175607187083667,1,4,-0.08666388103324908,False,True
362,0,2,0,-0.027787557825836348,1,0,-0.09027201697708476,False,False
363,0,3,1,1.2018099353148226,0,1,-0.3573908580066095,False,False
364,0,3,0,0.4333115021019107,0,0,-0.5064721088735089,False,True
365,0,3,0,-0.10463740114712752,1,0,-0.3363340021468808,True,False
366,0,3,0,0.04906228549545483,0,0,-0.5024451714361923,False,True
368,1,3,1,-0.10463740114712752,0,0,-0.5028639729296732,False,False
369,1,3,1,-0.10463740114712752,0,0,-0.49237782784290063,True,False
371,1,1,0,-0.33518693111100106,1,0,0.4678796330534696,False,False
372,0,3,0,-0.8731358343600393,1,0,-0.5176307525123133,False,True
373,0,3,0,-0.7962859910387481,0,0,-0.4863374216869257,False,True
375,0,3,1,-2.025883484179407,3,1,-0.22408312108167944,False,True
377,1,3,1,-0.5657364610748746,0,0,-0.5024451714361923,False,True
379,0,3,0,-0.719436147717457,0,0,-0.5676312212027554,False,False
380,0,3,0,-0.7962859910387481,0,0,-0.4918744606632361,False,True
382,1,3,1,-2.1795831708219895,0,2,-0.33146744825388363,False,False
383,0,3,0,0.20276197213803718,0,0,-0.4888542575852486,False,True
384,1,1,1,0.4333115021019107,1,0,0.39858208016340624,False,True
385,0,3,0,-0.10463740114712752,0,0,-0.4894421904510968,False,True
387,0,3,0,-2.1795831708219895,5,2,0.2958951755118318,False,True
388,1,2,1,0.5101613454232019,0,0,-0.3866707201133388,False,True
389,0,3,0,-0.10463740114712752,0,0,-0.49279662933638163,True,False
390,1,2,1,-0.9499856776813305,0,0,-0.40680540729992204,False,False
392,1,3,0,-0.6425863043961658,0,0,-0.49145565916975514,False,True
393,0,3,0,-0.10463740114712752,2,0,-0.4888542575852486,False,True
395,1,3,1,-0.41203677443229225,0,2,-0.312172377522981,False,True
396,0,3,0,-0.5657364610748746,0,0,-0.49145565916975514,False,True
397,0,3,1,0.12591212881674602,0,0,-0.4902797934380587,False,True
398,0,2,0,1.2786597786361138,0,0,-0.12491978668775715,False,True
399,0,2,0,-0.48888661775358344,0,0,-0.43700743807979686,False,True
400,1,2,1,-0.10463740114712752,0,0,-0.393717860628643,False,True
401,1,3,0,0.7407108753870755,0,0,-0.4888542575852486,False,True
402,0,3,0,-0.2583370877897099,0,0,-0.4863374216869257,False,True
403,0,3,1,-0.6425863043961658,1,0,-0.4505983519307405,False,True
404,0,3,0,-0.10463740114712752,1,0,-0.32928686163157667,False,True
405,0,3,1,-0.719436147717457,0,0,-0.47400492578514347,False,True
406,0,2,0,0.35646165878061953,1,0,-0.22559322262067316,False,True
407,0,3,0,1.6629089952425695,0,0,-0.49237782784290063,False,True
408,1,2,0,-2.025883484179407,1,1,-0.2708962687904854,False,True
409,0,3,0,-0.6425863043961658,0,0,-0.4918744606632361,False,True
410,0,3,1,-0.10463740114712752,3,1,-0.13565761536436197,False,True
411,0,3,0,-0.10463740114712752,0,0,-0.4894421904510968,False,True
412,0,3,0,-0.10463740114712752,0,0,-0.5103319284071769,True,False
414,0,2,0,-0.10463740114712752,0,0,-0.6484216535389205,False,True
415,1,3,0,1.1249600919935314,0,0,-0.4888542575852486,False,True
416,0,3,1,-0.10463740114712752,0,0,-0.4863374216869257,False,True
417,1,2,1,0.35646165878061953,1,1,0.005955680025033696,False,True
418,1,2,1,-0.8731358343600393,0,2,-0.3866707201133388,False,True
419,0,2,0,0.04906228549545483,0,0,-0.3866707201133388,False,True
420,0,3,1,-1.4879345809303688,0,2,-0.1621689579829361,False,True
421,0,3,0,-0.10463740114712752,0,0,-0.4894421904510968,False,False
422,0,3,0,-0.6425863043961658,0,0,-0.49271407711891657,True,False
423,0,3,0,-0.027787557825836348,0,0,-0.4898609919445778,False,True
424,0,3,1,-0.10463740114712752,1,1,-0.35848215805212236,False,True
425,0,3,0,-0.8731358343600393,1,1,-0.2414492887801075,False,True
426,0,3,0,-0.10463740114712752,0,0,-0.5024451714361923,False,True
427,1,2,1,-0.10463740114712752,1,0,-0.12491978668775715,False,True
428,1,2,1,-0.7962859910387481,0,0,-0.12491978668775715,False,True
429,0,3,0,-0.10463740114712752,0,0,-0.49237782784290063,True,False
430,1,3,0,0.20276197213803718,0,0,-0.4863374216869257,False,True
431,1,1,0,-0.10463740114712752,0,0,-0.11384570873513637,False,True
432,1,3,1,-0.10463740114712752,1,0,-0.32425318983493084,False,True
433,1,2,1,0.9712604053509489,1,0,-0.12491978668775715,False,True
434,0,3,0,-0.9499856776813305,0,0,-0.5049620073345151,False,True
435,0,1,0,1.5860591519212783,1,0,0.4771073601910807,False,True
437,0,3,1,-0.6425863043961658,2,2,0.04370821849987721,False,True
438,1,2,1,-0.41203677443229225,2,3,-0.2708962687904854,False,True
440,0,2,0,0.12591212881674602,0,0,-0.43700743807979686,False,True
441,1,2,1,1.2018099353148226,1,1,-0.11988611489111134,False,True
442,0,3,0,-0.719436147717457,0,0,-0.45714212526638004,False,True
443,0,3,0,-0.33518693111100106,1,0,-0.4918744606632361,False,True
444,1,2,1,-0.10463740114712752,0,0,-0.3866707201133388,False,True
445,1,3,0,-0.10463740114712752,0,0,-0.48507900373776425,False,True
447,1,2,1,-1.2573850509664952,0,1,-0.255795253400548,False,True
448,1,1,0,0.35646165878061953,0,0,-0.11384570873513637,False,True
449,1,3,1,-1.8721837975368247,2,1,-0.26066180729354516,False,False
450,1,1,0,1.7397588385638607,0,0,-0.034313694348132716,False,True
451,0,2,0,0.5101613454232019,1,2,-0.08968408411123653,False,True
452,0,3,0,-0.10463740114712752,1,0,-0.2463983948905696,False,True
453,0,1,0,0.04906228549545483,0,0,-0.08968408411123653,False,False
455,0,3,0,-0.10463740114712752,0,0,-0.4863374216869257,False,True
456,1,3,0,-0.027787557825836348,0,0,-0.4894421904510968,False,False
457,0,1,0,2.738806801740646,0,0,-0.11384570873513637,False,True
458,1,1,1,-0.10463740114712752,1,0,0.395813560675251,False,True
459,1,2,1,1.5860591519212783,0,0,-0.43700743807979686,False,True
460,0,3,0,-0.10463740114712752,0,0,-0.49237782784290063,True,False
461,1,1,0,1.432359465278696,0,0,-0.11384570873513637,False,True
462,0,3,0,0.35646165878061953,0,0,-0.4863374216869257,False,True
463,0,1,0,1.3555096219574048,0,0,0.12676380314453292,False,True
464,0,2,0,1.432359465278696,0,0,-0.3866707201133388,False,True
465,0,3,0,-0.10463740114712752,0,0,-0.4863374216869257,False,True
466,0,3,0,0.6638610320657843,0,0,-0.5064721088735089,False,True
467,0,2,0,-0.10463740114712752,0,0,-0.6484216535389205,False,True
468,0,1,0,2.0471582118490255,0,0,-0.11384570873513637,False,True
469,0,3,0,-0.10463740114712752,0,0,-0.4928811950225652,True,False
470,1,3,1,-2.1987956316523123,2,1,-0.26066180729354516,False,False
471,0,3,0,-0.10463740114712752,0,0,-0.5024451714361923,False,True
472,0,3,0,0.6638610320657843,0,0,-0.47400492578514347,False,True
473,1,2,1,0.27961181545932834,1,2,-0.08968408411123653,False,True
474,1,2,1,-0.48888661775358344,0,0,-0.3707300882677209,False,False
475,0,3,1,-0.5657364610748746,0,0,-0.45034666834090825,False,True
476,0,1,0,-0.10463740114712752,0,0,0.39858208016340624,False,True
477,0,2,0,0.35646165878061953,1,0,-0.22559322262067316,False,True
478,0,3,0,-0.027787557825836348,1,0,-0.5065566745596926,False,True
479,0,3,0,-0.5657364610748746,0,0,-0.4969926981460655,False,True
480,1,3,1,-2.1027333275006983,0,1,-0.4010166847337793,False,True
481,0,3,0,-1.56478442425166,5,2,0.2958951755118318,False,True
482,0,2,0,-0.10463740114712752,0,0,-0.6484216535389205,False,True
483,0,3,0,1.5860591519212783,0,0,-0.4863374216869257,False,True
484,1,3,1,2.585107115098064,0,0,-0.455380340137554,False,True
486,0,3,1,-0.10463740114712752,3,1,-0.13565761536436197,False,True
488,0,1,0,2.200857898491608,0,0,-0.05042144409739929,False,False
489,0,3,0,0.04906228549545483,0,0,-0.4863374216869257,False,True
490,1,3,0,-1.56478442425166,1,1,-0.32828012727224753,False,True
491,0,3,0,-0.10463740114712752,1,0,-0.2463983948905696,False,True
492,0,3,0,-0.6425863043961658,0,0,-0.5024451714361923,False,True
493,0,1,0,1.9703083685277343,0,0,-0.034313694348132716,False,True
494,0,1,0,3.1999058616683933,0,0,0.3483299278831318,False,False
495,0,3,0,-0.6425863043961658,0,0,-0.4863374216869257,False,True
496,0,3,0,-0.10463740114712752,0,0,-0.3573083057891445,False,False
498,0,3,0,-0.10463740114712752,0,0,-0.3443878770215141,False,True
500,0,3,0,-0.41203677443229225,0,0,-0.49145565916975514,False,True
501,0,3,0,-0.9499856776813305,0,0,-0.47400492578514347,False,True
502,0,3,1,-0.6425863043961658,0,0,-0.49237782784290063,True,False
503,0,3,1,-0.10463740114712752,0,0,-0.4948100980550399,True,False
504,0,3,1,0.5870111887444931,0,0,-0.455380340137554,False,True
507,1,2,1,0.27961181545932834,0,2,-0.12491978668775715,False,True
508,1,1,0,-0.10463740114712752,0,0,-0.11384570873513637,False,True
509,0,3,0,-0.10463740114712752,0,0,-0.1948878246611338,False,True
510,1,3,0,-0.2583370877897099,0,0,0.48910360681684706,False,True
511,1,3,0,-0.027787557825836348,0,0,-0.49237782784290063,True,False
512,0,3,0,-0.10463740114712752,0,0,-0.4863374216869257,False,True
513,1,1,0,0.5101613454232019,0,0,-0.11913106412161445,False,True
514,1,1,1,1.893458525206443,1,0,0.5475787653441219,False,False
515,0,3,0,-0.41203677443229225,0,0,-0.4974960653257301,False,True
516,0,1,0,1.3555096219574048,0,0,0.036576512298389464,False,True
517,1,2,1,0.35646165878061953,0,0,-0.43700743807979686,False,True
518,0,3,0,-0.10463740114712752,0,0,-0.1621689579829361,True,False
519,1,2,1,0.5101613454232019,1,0,-0.12491978668775715,False,True
520,0,3,0,0.20276197213803718,0,0,-0.4894421904510968,False,True
522,0,3,0,-0.5657364610748746,0,0,-0.4894421904510968,False,True
523,0,3,0,-0.10463740114712752,0,0,-0.5029485386158568,False,False
524,1,1,1,1.1249600919935314,0,1,0.5189714017894245,False,False
525,0,3,0,-0.10463740114712752,0,0,-0.5028639729296732,False,False
526,0,3,0,0.8559856403690123,0,0,-0.49237782784290063,True,False
527,1,2,1,1.5860591519212783,0,0,-0.43700743807979686,False,True
529,0,3,0,0.7407108753870755,0,0,-0.4888542575852486,False,True
530,0,2,0,-0.48888661775358344,2,1,-0.41687275089321363,False,True
531,1,2,1,-2.1027333275006983,1,1,-0.12491978668775715,False,True
532,0,3,0,-0.10463740114712752,0,0,-0.5028639729296732,False,False
533,0,3,0,-0.9499856776813305,1,1,-0.5028639729296732,False,False
534,1,3,1,-0.10463740114712752,0,2,-0.19824427701513722,False,False
535,0,3,1,0.04906228549545483,0,0,-0.47400492578514347,False,True
536,1,2,1,-1.7184841108942424,0,2,-0.11988611489111134,False,True
537,0,1,0,1.2018099353148226,0,0,-0.11384570873513637,False,True
539,0,3,0,-0.10463740114712752,0,0,-0.35646868933346404,False,True
540,1,1,1,-0.5657364610748746,0,2,0.3482453621969482,False,False
542,0,3,1,-1.56478442425166,4,2,-0.01870931177853076,False,True
543,0,3,1,-1.4110847376090776,4,2,-0.01870931177853076,False,True
544,1,2,0,0.20276197213803718,1,0,-0.12491978668775715,False,True
546,0,1,0,2.661956958419355,0,0,-0.12491978668775715,False,True
547,1,2,1,-0.7962859910387481,1,0,-0.12491978668775715,False,True
548,1,2,0,-0.10463740114712752,0,0,-0.3693045524149108,False,False
549,0,3,0,0.27961181545932834,1,1,-0.2351571990343002,False,True
550,1,2,0,-1.6416342675729512,1,1,0.09152810056801232,False,True
552,0,2,0,-0.1814872444684187,0,0,-0.12491978668775715,False,True
553,0,3,0,-0.10463740114712752,0,0,-0.49078316061772326,True,False
554,1,3,0,-0.5657364610748746,0,0,-0.5029485386158568,False,False
555,1,3,1,-0.5657364610748746,0,0,-0.4918744606632361,False,True
556,0,1,0,2.5082572717767726,0,0,-0.11384570873513637,False,True
557,1,1,1,1.432359465278696,1,0,0.1489119590497745,False,False
560,1,3,1,0.5101613454232019,1,0,-0.29807809649237277,False,True
561,0,3,0,-0.10463740114712752,0,0,-0.49237782784290063,True,False
562,0,3,0,0.8175607187083667,0,0,-0.4894421904510968,False,True
563,0,2,0,-0.10463740114712752,0,0,-0.3766033765200472,False,True
564,0,3,0,-0.10463740114712752,0,0,-0.4863374216869257,False,True
565,0,3,1,-0.10463740114712752,0,0,-0.4863374216869257,False,True
566,0,3,0,-0.41203677443229225,2,0,-0.1621689579829361,False,True
567,0,3,0,-0.7962859910387481,0,0,-0.4894421904510968,False,True
568,0,3,1,-0.027787557825836348,0,4,-0.22408312108167944,False,True
569,0,3,0,-0.10463740114712752,0,0,-0.5028639729296732,False,False
570,1,3,0,0.20276197213803718,0,0,-0.4902797934380587,False,True
571,1,2,0,2.5082572717767726,0,0,-0.43700743807979686,False,True
572,1,1,1,1.816608681885152,2,0,0.38809593507663365,False,True
573,1,1,0,0.5101613454232019,0,0,-0.11711759540295616,False,True
574,1,3,1,-0.10463740114712752,0,0,-0.49237782784290063,True,False
575,0,3,0,-1.0268355210026217,0,0,-0.4863374216869257,False,True
576,0,3,0,-0.7962859910387481,0,0,-0.35646868933346404,False,True
577,1,2,1,0.35646165878061953,0,0,-0.3866707201133388,False,True
578,1,1,1,0.7407108753870755,1,0,0.4771073601910807,False,True
579,0,3,1,-0.10463740114712752,1,0,-0.3573083057891445,False,False
580,1,3,0,0.20276197213803718,0,0,-0.4888542575852486,False,True
581,1,2,1,-0.33518693111100106,1,1,-0.04438103794142432,False,True
583,0,2,0,1.893458525206443,0,0,-0.12491978668775715,False,True
584,0,1,0,0.5101613454232019,0,0,0.15948266982273065,False,False
585,0,3,0,-0.10463740114712752,0,0,-0.47299819142581434,False,False
587,0,2,0,1.3555096219574048,0,0,-0.3464013457401724,False,True
589,0,3,0,-0.5657364610748746,0,0,-0.4863374216869257,False,True
590,0,3,0,-0.10463740114712752,0,0,-0.4863374216869257,False,True
591,0,3,0,0.4333115021019107,0,0,-0.5049620073345151,False,True
593,0,3,0,1.3555096219574048,0,0,-0.5024451714361923,False,True
594,0,3,1,-0.10463740114712752,0,2,-0.49237782784290063,True,False
595,0,2,0,0.5870111887444931,1,0,-0.12491978668775715,False,True
596,0,3,0,0.5101613454232019,1,1,-0.1621689579829361,False,True
597,1,2,1,-0.10463740114712752,0,0,0.016023023618325298,False,True
598,0,3,0,1.5092093085999871,0,0,-0.6484216535389205,False,True
599,0,3,0,-0.10463740114712752,0,0,-0.5029485386158568,False,False
600,1,1,0,1.5092093085999871,1,0,0.49782998024351216,False,False
601,1,2,1,-0.41203677443229225,2,1,-0.10478509950117394,False,True
602,0,3,0,-0.10463740114712752,0,0,-0.4894421904510968,False,True
603,0,1,0,-0.10463740114712752,0,0,0.2052890831722074,False,True
604,0,3,0,1.1249600919935314,0,0,-0.4863374216869257,False,True
605,1,1,0,0.4333115021019107,0,0,-0.11384570873513637,False,False
606,0,3,0,0.5101613454232019,1,0,-0.3353272677875516,False,True
607,0,3,0,0.04906228549545483,0,0,-0.4894421904510968,False,True
608,1,1,0,-0.1814872444684187,0,0,-0.034313694348132716,False,True
609,1,2,1,-0.5657364610748746,1,2,0.18876253192945994,False,False
611,0,3,1,0.7407108753870755,1,5,-0.01870931177853076,False,True
612,0,3,0,-0.10463740114712752,0,0,-0.5064721088735089,False,True
613,1,3,1,-0.10463740114712752,1,0,-0.3363340021468808,True,False
614,0,3,0,-0.10463740114712752,0,0,-0.49237782784290063,True,False
615,0,3,0,0.4333115021019107,0,0,-0.4863374216869257,False,True
616,1,2,1,-0.41203677443229225,1,2,0.6603330135889879,False,True
617,0,3,0,0.35646165878061953,1,1,-0.35848215805212236,False,True
618,0,3,1,-0.2583370877897099,1,0,-0.32425318983493084,False,True
619,1,2,1,-1.949033640858116,2,1,0.13683114673782454,False,True
620,0,2,0,-0.2583370877897099,0,0,-0.43700743807979686,False,True
621,0,3,0,-0.1814872444684187,1,0,-0.3573908580066095,False,False
622,1,1,0,0.9712604053509489,1,0,0.40974072380221066,False,True
623,1,3,0,-0.719436147717457,1,1,-0.33146744825388363,False,False
624,0,3,0,-0.6425863043961658,0,0,-0.4902797934380587,False,True
625,0,3,0,-0.6425863043961658,0,0,-0.32425318983493084,False,True
626,0,1,0,2.4314074284554814,0,0,0.002347544081197954,False,True
627,0,2,0,2.1240080551703167,0,0,-0.3997582667846179,True,False
629,0,3,0,-0.2583370877897099,0,0,-0.4894421904510968,False,True
630,0,3,0,-0.10463740114712752,0,0,-0.49271407711891657,True,False
631,1,1,0,3.8915544515600136,0,0,-0.04438103794142432,False,True
632,0,3,0,1.6629089952425695,0,0,-0.5063875431873253,False,True
633,1,1,0,0.20276197213803718,0,0,-0.034313694348132716,False,False
634,0,1,0,-0.10463740114712752,0,0,-0.6484216535389205,False,True
635,0,3,1,-1.56478442425166,3,2,-0.08666388103324908,False,True
636,1,2,1,-0.10463740114712752,0,0,-0.3866707201133388,False,True
637,0,3,0,0.20276197213803718,0,0,-0.4888542575852486,False,True
638,0,2,0,0.12591212881674602,1,1,-0.11988611489111134,False,True
639,0,3,1,0.8944105620296577,0,5,0.1506737441786005,False,True
640,0,3,0,-0.10463740114712752,1,0,-0.32425318983493084,False,True
641,0,3,0,-0.719436147717457,0,0,-0.4902797934380587,False,True
643,0,3,1,-2.1027333275006983,3,2,-0.08666388103324908,False,True
644,1,3,0,-0.10463740114712752,0,0,0.48910360681684706,False,True
645,1,3,1,-2.1987956316523123,2,1,-0.26066180729354516,False,False
647,0,3,0,-0.7962859910387481,0,0,-0.4894421904510968,False,True
648,1,1,0,2.0471582118490255,0,0,0.06635974158478332,False,False
649,0,3,0,-0.10463740114712752,0,0,-0.49640476528021726,False,True
650,1,3,1,-0.48888661775358344,0,0,-0.49640476528021726,False,True
651,0,3,0,-0.10463740114712752,0,0,-0.4894421904510968,False,True
652,1,2,1,-0.8731358343600393,0,1,-0.18532384824750675,False,True
653,0,3,0,-0.6425863043961658,0,0,-0.47861979608830835,False,True
654,1,3,1,-0.10463740114712752,0,0,-0.49078316061772326,True,False
655,0,3,1,-0.8731358343600393,0,0,-0.5125125150294839,True,False
657,0,3,0,-0.10463740114712752,0,0,-0.4894421904510968,False,True
658,0,3,1,0.20276197213803718,1,1,-0.3363340021468808,True,False
659,0,2,0,-0.48888661775358344,0,0,-0.3866707201133388,False,True
662,0,3,0,0.8175607187083667,0,0,-0.5029485386158568,False,False
663,0,1,0,1.3555096219574048,0,0,-0.13322534515222276,False,True
664,0,3,0,0.5101613454232019,0,0,-0.4974960653257301,False,True
665,1,3,0,-0.719436147717457,1,0,-0.4888542575852486,False,True
667,0,2,0,-0.33518693111100106,0,0,-0.3866707201133388,False,True
668,0,3,0,-0.10463740114712752,0,0,-0.4918744606632361,False,True
669,0,3,0,1.0481102486722402,0,0,-0.4863374216869257,False,True
670,1,1,1,-0.10463740114712752,1,0,0.39858208016340624,False,True
671,1,2,1,0.8175607187083667,1,1,0.13683114673782454,False,True
672,0,1,0,0.12591212881674602,1,0,0.39858208016340624,False,True
673,0,2,0,3.123056018347102,0,0,-0.43700743807979686,False,True
674,1,2,0,0.12591212881674602,0,0,-0.3866707201133388,False,True
675,0,2,0,-0.10463740114712752,0,0,-0.6484216535389205,False,True
676,0,3,0,-0.8731358343600393,0,0,-0.4918744606632361,False,True
677,0,3,0,-0.37361185277164666,0,0,-0.4863374216869257,False,True
678,1,3,1,-0.8731358343600393,0,0,-0.45026210265472455,False,True
679,0,3,1,1.0481102486722402,1,6,0.2958951755118318,False,True
681,0,3,1,-0.10463740114712752,0,0,-0.48457563655809965,True,False
683,0,3,0,-0.719436147717457,0,0,-0.4626791642426904,False,True
684,0,3,0,-1.180535207645204,5,2,0.2958951755118318,False,True
685,0,2,0,2.3545575851341902,1,1,0.13683114673782454,False,True
686,0,2,0,-0.33518693111100106,1,2,0.18876253192945994,False,False
687,0,3,0,-1.180535207645204,4,1,0.1506737441786005,False,True
688,0,3,0,-0.7962859910387481,0,0,-0.44363577710162005,False,True
689,0,3,0,-0.8731358343600393,0,0,-0.49145565916975514,False,True
691,1,1,0,0.12591212881674602,1,0,0.49925551609632224,False,True
692,1,3,1,-1.949033640858116,0,1,-0.37828059596268965,False,False
693,1,3,0,-0.10463740114712752,0,0,0.48910360681684706,False,True
694,0,3,0,-0.33518693111100106,0,0,-0.5029485386158568,False,False
695,0,1,0,2.3545575851341902,0,0,-0.11384570873513637,False,True
696,0,2,0,1.7397588385638607,0,0,-0.3766033765200472,False,True
697,0,3,0,1.1249600919935314,0,0,-0.4863374216869257,False,True
698,1,3,1,-0.10463740114712752,0,0,-0.49271407711891657,True,False
700,0,3,0,0.9712604053509489,0,0,-0.494391296561559,False,True
702,1,1,0,0.4333115021019107,0,0,-0.11913106412161445,False,True
703,0,3,1,-0.8731358343600393,0,1,-0.3573908580066095,False,False
704,0,3,0,-0.33518693111100106,0,0,-0.4925449457465493,True,False
705,0,3,0,-0.2583370877897099,1,0,-0.4902797934380587,False,True
706,0,2,0,0.7407108753870755,0,0,-0.12491978668775715,False,True
707,1,2,1,1.2018099353148226,0,0,-0.3766033765200472,False,True
708,1,1,0,0.9712604053509489,0,0,-0.11913106412161445,False,True
710,1,3,0,-0.10463740114712752,1,1,-0.3414522396297103,False,False
711,1,1,1,-0.41203677443229225,0,0,0.3483299278831318,False,False
712,0,1,0,-0.10463740114712752,0,0,-0.11384570873513637,False,True
713,1,1,0,1.432359465278696,1,0,0.39858208016340624,False,True
714,0,3,0,-0.027787557825836348,0,0,-0.457478374542396,False,True
715,0,2,0,1.7397588385638607,0,0,-0.3866707201133388,False,True
716,0,3,0,-0.7962859910387481,0,0,-0.494391296561559,False,True
718,1,2,1,-0.1814872444684187,0,0,-0.43700743807979686,False,True
719,0,3,0,-0.10463740114712752,0,0,-0.3363340021468808,True,False
720,0,3,0,0.27961181545932834,0,0,-0.4918744606632361,False,True
721,1,2,1,-1.7953339542155335,0,1,0.016023023618325298,False,True
722,0,3,0,-0.9499856776813305,1,0,-0.5063875431873253,False,True
723,0,2,0,0.35646165878061953,0,0,-0.3866707201133388,False,True
724,0,2,0,1.5860591519212783,0,0,-0.3866707201133388,False,True
725,1,1,0,-0.1814872444684187,1,0,0.4207302360686478,False,True
726,0,3,0,-0.719436147717457,0,0,-0.47400492578514347,False,True
727,1,2,1,0.04906228549545483,3,0,-0.22559322262067316,False,True
728,1,3,1,-0.10463740114712752,0,0,-0.4926295114327329,True,False
729,0,2,0,-0.33518693111100106,1,0,-0.12491978668775715,False,True
730,0,3,1,-0.33518693111100106,1,0,-0.4888542575852486,False,True
732,0,3,0,-1.4110847376090776,0,0,-0.2701412180209885,False,False
733,0,2,0,-0.10463740114712752,0,0,-0.6484216535389205,False,True
734,0,2,0,-0.48888661775358344,0,0,-0.3866707201133388,False,True
735,0,2,0,-0.48888661775358344,0,0,-0.3866707201133388,False,True
736,0,3,0,-0.06621247948648194,0,0,-0.32425318983493084,False,True
737,0,3,1,1.432359465278696,1,3,0.04370821849987721,False,True
739,0,3,0,-0.10463740114712752,0,0,-0.4894421904510968,False,True
740,0,3,0,-0.10463740114712752,0,0,-0.4894421904510968,False,True
741,1,1,0,-0.10463740114712752,0,0,-0.04438103794142432,False,True
744,0,3,0,-0.41203677443229225,1,0,-0.32425318983493084,False,True
745,1,3,0,0.12591212881674602,0,0,-0.4888542575852486,False,True
747,0,3,0,-1.0268355210026217,1,1,-0.24069423801061057,False,True
748,1,2,1,0.04906228549545483,0,0,-0.3866707201133388,False,True
749,0,1,0,-0.7962859910387481,1,0,0.4207302360686478,False,True
750,0,3,0,0.12591212881674602,0,0,-0.49237782784290063,True,False
751,1,2,1,-1.949033640858116,1,1,-0.18532384824750675,False,True
752,1,3,0,-1.7953339542155335,0,1,-0.397241430886295,False,True
753,0,3,0,0.27961181545932834,0,0,-0.45714212526638004,False,True
754,0,3,0,-0.48888661775358344,0,0,-0.4894421904510968,False,True
755,1,2,1,1.432359465278696,1,2,0.6603330135889879,False,True
756,1,2,0,-2.204943619118015,1,1,-0.35646868933346404,False,True
757,0,3,0,-0.10463740114712752,0,0,-0.49145565916975514,False,True
758,0,2,0,-0.8731358343600393,0,0,-0.41687275089321363,False,True
759,0,3,0,0.35646165878061953,0,0,-0.4863374216869257,False,True
761,0,3,0,-0.10463740114712752,0,0,-0.35646868933346404,False,True
762,0,3,0,0.8944105620296577,0,0,-0.5049620073345151,False,True
763,1,3,0,-0.719436147717457,0,0,-0.5028639729296732,False,False
765,0,3,0,-1.0268355210026217,0,0,-0.4918744606632361,False,True
767,0,1,0,-0.10463740114712752,0,0,0.1489119590497745,False,False
768,0,3,1,0.08748720715610042,0,0,-0.49237782784290063,True,False
769,0,3,0,-0.10463740114712752,1,0,-0.1621689579829361,True,False
770,0,3,0,0.20276197213803718,0,0,-0.4800453319411184,False,True
771,0,3,0,-0.41203677443229225,0,0,-0.45714212526638004,False,True
772,0,3,0,1.432359465278696,0,0,-0.4902797934380587,False,True
773,0,2,1,2.1240080551703167,0,0,-0.43700743807979686,False,True
774,0,3,0,-0.10463740114712752,0,0,-0.5029485386158568,False,False
775,1,2,1,1.893458525206443,1,3,-0.18532384824750675,False,True
776,0,3,0,-0.8731358343600393,0,0,-0.49237782784290063,False,True
777,0,3,0,-0.10463740114712752,0,0,-0.49237782784290063,True,False
778,1,3,1,-1.8721837975368247,0,0,-0.397241430886295,False,True
779,0,3,0,-0.10463740114712752,0,0,-0.4926295114327329,True,False
781,1,3,1,-1.2573850509664952,0,0,-0.5028639729296732,False,False
782,1,1,1,-0.9499856776813305,1,0,0.49925551609632224,False,True
783,0,1,0,-0.027787557825836348,0,0,-0.04438103794142432,False,True
784,0,3,0,-0.10463740114712752,1,2,-0.17626323901354432,False,True
785,0,3,0,-0.33518693111100106,0,0,-0.5064721088735089,False,True
786,0,3,0,-0.33518693111100106,0,0,-0.5024451714361923,False,True
787,1,3,1,-0.8731358343600393,0,0,-0.4974960653257301,False,True
788,0,3,0,-1.6416342675729512,4,1,-0.06199888922968463,True,False
789,1,3,0,-2.1795831708219895,1,2,-0.23415046467497105,False,True
791,0,3,0,-0.10463740114712752,0,0,-0.49237782784290063,True,False
792,0,2,0,-1.0268355210026217,0,0,-0.12491978668775715,False,True
794,0,1,0,-0.10463740114712752,0,0,-0.030371322596999754,False,False
795,0,3,0,-0.33518693111100106,0,0,-0.4894421904510968,False,True
796,0,2,0,0.7407108753870755,0,0,-0.3866707201133388,False,True
797,1,1,1,1.5092093085999871,0,0,-0.1263453225405672,False,True
798,1,3,1,0.12591212881674602,0,0,-0.4735861242916626,False,True
799,0,3,0,0.04906228549545483,0,0,-0.5028639729296732,False,False
800,0,3,1,0.04906228549545483,1,1,-0.1621689579829361,False,True
801,0,2,0,0.35646165878061953,0,0,-0.3866707201133388,False,True
802,1,2,1,0.12591212881674602,1,1,-0.11988611489111134,False,True
804,1,3,0,-2.224156079948338,0,1,-0.47694056317694733,False,False
805,1,3,0,-0.1814872444684187,0,0,-0.5079822104125026,False,True
806,0,3,0,0.12591212881674602,0,0,-0.4918744606632361,False,True
807,0,1,0,0.7407108753870755,0,0,-0.6484216535389205,False,True
808,0,3,1,-0.8731358343600393,0,0,-0.4918744606632361,False,True
809,0,2,0,0.7407108753870755,0,0,-0.3866707201133388,False,True
810,1,1,1,0.27961181545932834,1,0,0.4207302360686478,False,True
811,0,3,0,-0.2583370877897099,0,0,-0.4896093083547455,False,True
812,0,3,0,0.7407108753870755,0,0,-0.1621689579829361,False,True
813,0,2,0,0.4333115021019107,0,0,-0.43700743807979686,False,True
814,0,3,1,-1.7953339542155335,4,2,-0.01870931177853076,False,True
815,0,3,0,0.08748720715610042,0,0,-0.4863374216869257,False,True
816,0,1,0,-0.10463740114712752,0,0,-0.6484216535389205,False,True
817,0,3,1,-0.48888661775358344,0,0,-0.4888542575852486,False,True
818,0,2,0,0.12591212881674602,1,1,0.09664633805084172,False,False
819,0,3,0,1.0481102486722402,0,0,-0.5185529211854588,False,True
820,0,3,0,-1.4879345809303688,3,2,-0.08666388103324908,False,True
822,1,3,0,-0.1814872444684187,0,0,-0.47400492578514347,False,True
823,0,1,0,0.6638610320657843,0,0,-0.6484216535389205,False,True
824,1,3,1,-0.1814872444684187,0,1,-0.397241430886295,False,True
825,0,3,0,-2.1027333275006983,4,1,0.1506737441786005,False,True
826,0,3,0,-0.10463740114712752,0,0,-0.5084855775921673,True,False
827,0,3,0,-0.10463740114712752,0,0,0.48910360681684706,False,True
828,1,2,0,-2.1795831708219895,0,2,0.09664633805084172,False,False
829,1,3,0,-0.10463740114712752,0,0,-0.49237782784290063,True,False
831,1,3,1,-1.1036853643239128,1,0,-0.3573908580066095,False,False
832,1,2,0,-2.192647644186609,1,1,-0.2708962687904854,False,True
833,0,3,0,-0.10463740114712752,0,0,-0.5028639729296732,False,False
834,0,3,0,-0.48888661775358344,0,0,-0.4902797934380587,False,True
835,0,3,0,-0.8731358343600393,0,0,-0.48130374989027985,False,True
837,0,3,0,-0.6425863043961658,0,0,-0.47400492578514347,False,True
838,0,3,0,-0.10463740114712752,0,0,-0.4863374216869257,False,True
839,1,3,0,0.20276197213803718,0,0,0.48910360681684706,False,True
840,1,1,0,-0.10463740114712752,0,0,-0.05042144409739929,False,False
841,0,3,0,-0.719436147717457,0,0,-0.4888542575852486,False,True
842,0,2,0,-1.0268355210026217,0,0,-0.43700743807979686,False,True
843,1,1,1,0.04906228549545483,0,0,-0.024246350754841113,False,False
844,0,3,0,0.3948865804412651,0,0,-0.5188046047752911,False,False
845,0,3,0,-0.9499856776813305,0,0,-0.47400492578514347,False,True
846,0,3,0,0.9712604053509489,0,0,-0.49640476528021726,False,True
848,0,3,0,0.4333115021019107,0,0,-0.4894421904510968,False,False
849,0,2,0,-0.10463740114712752,0,1,0.016023023618325298,False,True
851,0,3,0,-1.949033640858116,4,2,-0.01870931177853076,False,True
852,0,3,0,3.430455391632267,0,0,-0.4918744606632361,False,True
853,0,3,1,-1.56478442425166,1,1,-0.3414522396297103,False,False
854,1,1,1,-1.0268355210026217,0,1,0.14488502161245778,False,True
855,0,2,1,1.1249600919935314,1,0,-0.12491978668775715,False,True
856,1,3,1,-0.8731358343600393,0,1,-0.4601623283443675,False,True
858,1,1,0,1.6629089952425695,0,0,-0.11384570873513637,False,True
859,1,3,1,-0.41203677443229225,0,3,-0.26066180729354516,False,False
860,0,3,0,-0.10463740114712752,0,0,-0.5028639729296732,False,False
861,0,3,0,0.8944105620296577,2,0,-0.36435544630444866,False,True
862,0,2,0,-0.6425863043961658,1,0,-0.41687275089321363,False,True
863,1,1,1,1.432359465278696,0,0,-0.1263453225405672,False,True
865,0,2,0,-0.41203677443229225,0,0,-0.3866707201133388,False,True
866,1,2,1,0.9712604053509489,0,0,-0.3866707201133388,False,True
867,1,2,1,-0.1814872444684187,1,0,-0.3693891181010945,False,False
868,0,1,0,0.12591212881674602,0,0,0.3682954836973478,False,True
869,0,3,0,-0.10463740114712752,0,0,-0.45714212526638004,False,True
870,1,3,0,-1.949033640858116,1,1,-0.4242561406845337,False,True
871,0,3,0,-0.2583370877897099,0,0,-0.4894421904510968,False,True
872,1,1,1,1.3555096219574048,1,1,0.40974072380221066,False,True
873,0,1,0,0.27961181545932834,0,0,-0.5477482176060045,False,True
874,0,3,0,1.3555096219574048,0,0,-0.46720946885967163,False,True
875,1,2,1,-0.10463740114712752,1,0,-0.16518916106092355,False,False
876,1,3,1,-1.1036853643239128,0,0,-0.5029485386158568,False,False
877,0,3,0,-0.719436147717457,0,0,-0.45017955043725955,False,True
878,0,3,0,-0.7962859910387481,0,0,-0.4894421904510968,False,True
879,0,3,0,-0.10463740114712752,0,0,-0.4894421904510968,False,True
881,1,2,1,-0.33518693111100106,0,1,-0.12491978668775715,False,True
882,0,3,0,0.27961181545932834,0,0,-0.4894421904510968,False,True
883,0,3,1,-0.5657364610748746,0,0,-0.4366711888037809,False,True
884,0,2,0,-0.10463740114712752,0,0,-0.43700743807979686,False,True
885,0,3,0,-0.33518693111100106,0,0,-0.5064721088735089,False,True
886,0,3,1,0.7407108753870755,0,5,-0.06199888922968463,True,False
887,0,2,0,-0.1814872444684187,0,0,-0.3866707201133388,False,True
888,1,1,1,-0.7962859910387481,0,0,-0.04438103794142432,False,True
889,0,3,1,-0.10463740114712752,1,2,-0.17626323901354432,False,True
890,1,1,0,-0.2583370877897099,0,0,-0.04438103794142432,False,False
891,0,3,0,0.20276197213803718,0,0,-0.49237782784290063,True,False
